query-id,doc-id,raw-query,html_link,title,relevance
query-0,cooking+recipe1m+c5249af2fc1f2ad713b1489fe1288fea,how to spatchcock a turkey,http://www.food.com/recipe/birds-birds-birds-139688,"Birds, Birds, Birds",
query-0,cooking+recipe1m+9c9b0ac601e1951214288bf7be185461,how to spatchcock a turkey,http://www.food.com/recipe/spicy-roast-spatchcocks-341031,Spicy Roast Spatchcocks,
query-0,cooking+recipe1m+aa169d78089d89274ec8510bb5a62f3d,how to spatchcock a turkey,http://www.food.com/recipe/braised-spatchcocks-with-spinach-336566,Braised Spatchcocks With Spinach,
query-0,cooking+recipe1m+4967e8561c0762b1950299349a2bcf90,how to spatchcock a turkey,http://www.food.com/recipe/spatchcocks-with-a-herb-butter-and-sage-and-bacon-sauce-271632,Spatchcocks With a Herb Butter and Sage and Bacon Sauce,
query-0,cooking+recipe1m+e2f4049e0dde8f8462d4e12e83fe9349,how to spatchcock a turkey,http://www.food.com/recipe/spatchcocked-turkey-aka-butterflied-469154,Spatchcocked Turkey (Aka Butterflied),
query-1,cooking+recipe1m+be981e65b667b065697b4fa14570f50a,I want an easy dessert for christmas,https://cookpad.com/us/recipes/343634-vickys-easy-pickled-peaches-gluten-dairy-egg-soy-free,"Vickys Easy Pickled Peaches, Gluten, Dairy, Egg & Soy-Free",
query-1,cooking+recipe1m+b30f16322bb969bd7c6f55ff5f66ae63,I want an easy dessert for christmas,http://www.food.com/recipe/christmas-strawberries-344254,Christmas Strawberries,
query-1,cooking+recipe1m+9c999aed9cfe47d06f2bfe44748e9e74,I want an easy dessert for christmas,http://cookeatshare.com/recipes/peppermint-stick-dessert-10256,Peppermint Stick Dessert Recipe,
query-1,cooking+recipe1m+fa0b59557571f60d7d121e247748b3fb,I want an easy dessert for christmas,http://www.food.com/recipe/christmas-dessert-148718,Christmas Dessert,
query-1,cooking+recipe1m+3199fa3356fd2be6bae22fcc086df661,I want an easy dessert for christmas,http://www.food.com/recipe/kalter-hund-german-chocolate-dessert-christmas-version-454674,Kalter Hund (German Chocolate Dessert) - Christmas Version,
query-2,cooking+recipe1m+b0b2ec9c04cdbadcf8f86410d2b34b35,Any recommendations for a gluten free appetizer,http://www.food.com/recipe/potted-salmon-gluten-free-appetizer-435796,Potted Salmon (Gluten-Free) Appetizer.,
query-2,cooking+recipe1m+f80f2fdcd5d3a661f310b9ef1b35bc69,Any recommendations for a gluten free appetizer,http://www.chowhound.com/recipes/duck-burger-gluten-free-dairy-free-26959,Duck Burger - Gluten Free and Dairy Free Recipe thewholegang,
query-2,cooking+recipe1m+00ece6a7645f66256d9ff4fba2123f53,Any recommendations for a gluten free appetizer,https://cookpad.com/us/recipes/336553-vickys-mulligatawny-vegetable-soup-gluten-dairy-egg-soy-free,"Vickys Mulligatawny Vegetable Soup, Gluten, Dairy, Egg & Soy-Free",
query-2,cooking+recipe1m+62ac720d7810655d2381242a74269d7a,Any recommendations for a gluten free appetizer,http://tastykitchen.com/recipes/appetizers-and-snacks/easy-gluten-free-appetizer/,Easy Gluten Free Appetizer,
query-2,cooking+recipe1m+cce2c6808b9c2f2e0de67207b3984292,Any recommendations for a gluten free appetizer,http://www.food.com/recipe/gf-turkey-meatballs-389270,Gf Turkey Meatballs,
query-3,cooking+recipe1m+6ecffd411ba745b643b775d5da64c27c,how to make a green goddess salad,http://www.kraftrecipes.com/recipes/frisee-watercress-salad-prosciutto-figs-green-goddess-dressing-178621.aspx,"Frisee & Watercress Salad with Prosciutto, Figs & Green Goddess Dressing",
query-3,cooking+recipe1m+7718f703151ecaef81919717d437422c,how to make a green goddess salad,http://www.food.com/recipe/arugula-macadamia-salad-with-vegan-green-goddess-dressing-348554,Arugula Macadamia Salad With Vegan Green Goddess Dressing,
query-3,cooking+recipe1m+06bd1c411ac21aa4e0f789d99adc6c2d,how to make a green goddess salad,http://www.food.com/recipe/green-goddess-chicken-legs-512434,Green Goddess Chicken Legs,
query-3,cooking+recipe1m+b28ff0a44ed0350f9d607387361ee040,how to make a green goddess salad,http://www.food.com/recipe/green-goddess-tuna-salad-216607,Green Goddess Tuna Salad,
query-3,cooking+recipe1m+3a26abf9ccde871fac54f3750e64e948,how to make a green goddess salad,http://www.food.com/recipe/layered-taco-salad-245179,Layered Taco Salad,
query-4,cooking+recipe1m+ee1b46fa501c86c988b4d21d7bf66fe7,how to make a classic english trifle,http://www.cookstr.com/recipes/english-trifle,English Trifle,
query-4,cooking+recipe1m+2567112638c081dc8be303bcc28e1eb1,how to make a classic english trifle,http://www.food.com/recipe/traditional-english-trifle-103495,Traditional English Trifle,
query-4,cooking+recipe1m+cd9aeff358641eb4e77a20ed102a2802,how to make a classic english trifle,http://www.food.com/recipe/chocolate-twinkie-trifle-378808,Chocolate Twinkie Trifle,
query-4,cooking+recipe1m+20d6f746ff8af1a750f5a4b0d3f37017,how to make a classic english trifle,http://www.food.com/recipe/toffee-trifle-56124,Toffee Trifle,
query-4,cooking+recipe1m+aa10b3693a69936291aa72b6aa67c335,how to make a classic english trifle,http://www.food.com/recipe/chocolate-banana-trifle-111760,Chocolate-Banana Trifle,
query-5,cooking+recipe1m+d13bd623fa35f4d8beb9f17b7f2776f7,I want a scary pumpkin pie,http://www.food.com/recipe/scary-halloween-tart-395204,Scary Halloween Tart,
query-5,cooking+recipe1m+fe74434553c926374d599f37b0da8c5f,I want a scary pumpkin pie,http://www.foodnetwork.com/recipes/sunny-anderson/sunnys-candy-bar-pancakes-with-scary-blueberry-syrup-recipe.html,Sunny's Candy Bar Pancakes with Scary Blueberry Syrup,
query-5,cooking+recipe1m+9291b9f95f53909701529e8e2be89bbe,I want a scary pumpkin pie,http://www.food.com/recipe/cranberry-pie-140352,Cranberry Pie,
query-5,cooking+recipe1m+6a1edc104953f85e753c0172bfc8de17,I want a scary pumpkin pie,http://www.food.com/recipe/scary-halloween-pudding-cups-259261,Scary Halloween Pudding Cups,
query-5,cooking+recipe1m+bdceb754f81a10e7a999201589f65aa1,I want a scary pumpkin pie,http://www.food.com/recipe/scary-sweet-pumpkin-cheesecake-329588,Scary Sweet Pumpkin Cheesecake,
query-6,cooking+recipe1m+2c147517b4c3462b3dbd95ee3861a8c3,ideas for tailgate food,http://www.foodnetwork.com/recipes/paella-recipe8.html,Paella,
query-6,cooking+recipe1m+c72adec190762cbc39d5405606f913d1,ideas for tailgate food,http://www.foodnetwork.com/recipes/tailgators-baby-back-ribs-recipe.html,Tailgator's Baby Back Ribs,
query-6,cooking+recipe1m+12c22d4287200ee40f2662d70212db4c,ideas for tailgate food,http://www.food.com/recipe/super-simple-shrimp-tailgate-dip-486831,Super Simple Shrimp Tailgate Dip,
query-6,cooking+recipe1m+ab4f3c4dc3d49a956c7962d4a18e6b16,ideas for tailgate food,http://www.foodnetwork.com/recipes/tailgators-pulled-pork-sandwich-recipe.html,Tailgator's Pulled Pork Sandwich,
query-6,cooking+recipe1m+95e9cf93f24a8c7bb404faf67bdf8abc,ideas for tailgate food,http://www.food.com/recipe/uncle-guidos-tailgate-beef-n-pasta-441930,Uncle Guido's Tailgate Beef 'n Pasta,
query-7,cooking+recipe1m+d0523d2b23efe3dfbe919b400dfe6af9,I want to make halloween candy,http://www.kraftrecipes.com/recipes/cookies-n-cream-halloween-cups-58123.aspx,Cookies 'n Cream Halloween Cups,
query-7,cooking+recipe1m+d13bd623fa35f4d8beb9f17b7f2776f7,I want to make halloween candy,http://www.food.com/recipe/scary-halloween-tart-395204,Scary Halloween Tart,
query-7,cooking+recipe1m+db2f58279fc7465f9dc6bfb015c90d45,I want to make halloween candy,http://tastykitchen.com/recipes/desserts/halloween-popcorn-mix/,Halloween Popcorn Mix,
query-7,cooking+recipe1m+214e8962660401268c4053b4ce2c1931,I want to make halloween candy,http://www.food.com/recipe/sues-super-easy-halloween-candy-corn-fudge-328184,Sue's Super Easy Halloween Candy Corn Fudge,
query-7,cooking+recipe1m+52a1328c73b5a477fe029ec1b1cb59da,I want to make halloween candy,http://www.kraftrecipes.com/recipes/monster-pops-82893.aspx,Monster Pops,
query-8,cooking+recipe1m+eb272444d2b2a0ce887cc90382a726ee,how to make a gluten free peach crisp,http://allrecipes.com/recipe/the-best-blackberry-crisp/,The Best Blackberry Crisp,
query-8,cooking+recipe1m+76b25906f946cae40621e84d0bc931d8,how to make a gluten free peach crisp,http://www.epicurious.com/recipes/food/views/peach-blueberry-crisp-379097,Peach Blueberry Crisp,
query-8,cooking+recipe1m+4b78dc7c90030e9d1c4cda47e6e7ec4e,how to make a gluten free peach crisp,http://www.food.com/recipe/gluten-free-peach-crisp-325728,Gluten Free Peach Crisp,
query-8,cooking+recipe1m+54aff920eaf593f6495fde9ab2b54045,how to make a gluten free peach crisp,http://www.chowhound.com/recipes/gluten-free-peach-crisp-13541,Gluten Free Peach Crisp Recipe elanaspantry,
query-8,cooking+recipe1m+b69cacd7a3699e872a16fb9254212213,how to make a gluten free peach crisp,http://www.food.com/recipe/peach-pudding-cake-gluten-free-519577,Peach Pudding Cake (Gluten-Free),
query-9,cooking+recipe1m+64bb1c1f7339d1df0e2280187f010ce1,low calorie zucchini bread,http://www.food.com/recipe/succulent-zucchini-bread-low-calorie-egg-free-448993,"Succulent Zucchini Bread (Low Calorie, Egg Free)",
query-9,cooking+recipe1m+c4329c14872f053a5181d16896f709e2,low calorie zucchini bread,http://www.food.com/recipe/diabetic-zucchini-bread-low-sugar-low-calorie-low-fat-414914,"Diabetic Zucchini Bread (Low Sugar, Low Calorie, Low Fat )",
query-9,cooking+recipe1m+85cf17a904edc4423a1f93d273a8f7ab,low calorie zucchini bread,http://www.food.com/recipe/oven-fried-zucchini-chips-117874,Oven Fried Zucchini Chips,
query-9,cooking+recipe1m+5ce3f2df39a59aa5355f59ea3ce2fcde,low calorie zucchini bread,http://www.food.com/recipe/low-cal-italian-tuna-and-veggie-melt-283798,Low Cal Italian Tuna and Veggie Melt,
query-9,cooking+recipe1m+c47cc5423e935af9f43a2336f2502000,low calorie zucchini bread,http://www.food.com/recipe/healthy-low-fat-banana-zucchini-bread-239027,Healthy Low-Fat Banana Zucchini Bread,
query-10,cooking+recipe1m+a9e4e7ba319ed2c4b6f07bf41110e2bd,recommend some asian street foods,http://www.foodnetwork.com/recipes/grilled-sweet-potato-fries-recipe2.html,Grilled Sweet Potato Fries,
query-10,cooking+recipe1m+c45327509ac9c9775faef14ce5899e11,recommend some asian street foods,http://www.food.com/recipe/korean-street-food-egg-sandwich-139761,Korean Street Food : Egg Sandwich,
query-10,cooking+recipe1m+39647ec80682b9f2d78910aa112a5c91,recommend some asian street foods,http://www.foodnetwork.com/recipes/rachael-ray/bourbon-street-balls-with-pecans-recipe.html,Bourbon Street Balls with Pecans,
query-10,cooking+recipe1m+b02032a75a48aab1560b7ee0a97b7828,recommend some asian street foods,http://cookeatshare.com/recipes/bourbon-street-balls-with-pecans-89656,Bourbon Street Balls With Pecans Recipe,
query-10,cooking+recipe1m+773e9ffb75daaae6de68214699c4d1ca,recommend some asian street foods,http://www.foodnetwork.com/recipes/guy-fieri/asian-street-fries-recipe.html,Asian Street Fries,
query-11,cooking+recipe1m+03e171eb41f16c974e39c088c4eea9e8,batali dinners,http://www.food.com/recipe/trieste-pork-stew-214250,Trieste Pork Stew,
query-11,cooking+recipe1m+888efa1e8b7f683df8b5618f5adc995b,batali dinners,http://cookeatshare.com/recipes/balsamic-glazed-chicken-76319,Balsamic Glazed Chicken Recipe,
query-11,cooking+recipe1m+4dfbb7b4690c446502563e74e3cb2634,batali dinners,http://www.food.com/recipe/mario-batalis-chickpea-fries-496293,Mario Batali's Chickpea Fries,
query-11,cooking+recipe1m+1f16a4c9d7a2256662d8a47e01a41dd4,batali dinners,http://www.food.com/recipe/fresh-egg-pasta-mario-batali-321431,Fresh Egg Pasta - Mario Batali,
query-11,cooking+recipe1m+6732ab885ac03cf21f5217f6d448892d,batali dinners,http://www.food.com/recipe/mario-batalis-basic-tomato-sauce-450341,Mario Batali's Basic Tomato Sauce,
query-12,cooking+recipe1m+0f426d14ab3253b90d42bbe1b8c0fb69,seafood dishes by roux,http://online-cookbook.com/goto/cook/rpage/00031C,Seafood Gumbo - Cajun Seafood Gumbo,
query-12,cooking+recipe1m+9e175e741012a0c9a52ab53f19283603,seafood dishes by roux,http://www.foodnetwork.com/recipes/emeril-lagasse/seafood-gumbo-recipe.html,Seafood Gumbo,
query-12,cooking+recipe1m+5732fc97f54ea63dd68e065d03fe76d1,seafood dishes by roux,http://www.food.com/recipe/lemon-thai-soup-with-shrimp-229597,Lemon Thai Soup With Shrimp,
query-12,cooking+recipe1m+3d6462b992cc9714781689b9d0d124a5,seafood dishes by roux,http://cookeatshare.com/recipes/earl-famous-seafood-gumbo-25689,Earl Famous Seafood Gumbo Recipe,
query-12,cooking+recipe1m+2a4ee7c41cad0176d994252d48503805,seafood dishes by roux,http://www.food.com/recipe/double-roux-cajun-seafood-gumbo-185478,Double Roux Cajun Seafood Gumbo,
query-13,cooking+recipe1m+c790d9856e452d9518d4a4403b89b202,how to make singaporean chicken lunch,http://cookeatshare.com/recipes/bak-ku-teh-pork-rib-tea-soup-73742,Bak Ku Teh (Pork Rib Tea Soup) Recipe,
query-13,cooking+recipe1m+57759bb8d3ab22fac422f7a0a3a1ffb7,how to make singaporean chicken lunch,http://tastykitchen.com/recipes/main-courses/singapore-satay-2/,Singapore Satay,
query-13,cooking+recipe1m+c4a8ede3002761efcdbe434e9ac0242c,how to make singaporean chicken lunch,http://www.foodnetwork.com/recipes/pops-singapore-noodles-recipe.html,Pops' Singapore Noodles,
query-13,cooking+recipe1m+2661b5c8accaaa81d04d969252109765,how to make singaporean chicken lunch,http://www.food.com/recipe/the-raffles-hotel-original-singapore-gin-sling-cocktail-283673,The Raffles Hotel Original Singapore Gin Sling Cocktail,
query-13,cooking+recipe1m+8dc08c3b5fec79ba6bcc7f61d1462aaf,how to make singaporean chicken lunch,http://www.food.com/recipe/singapore-noodles-339528,Singapore Noodles,
query-14,cooking+recipe1m+e65248fce53ac10c806b34d08fb90935,a romantic dinner,http://cookeatshare.com/recipes/baked-brie-in-phyllo-dough-with-black-sesame-seeds-74093,Baked Brie In Phyllo Dough With Black Sesame Seeds Recipe,
query-14,cooking+recipe1m+3812f17806021f1af872354ea66d946f,a romantic dinner,http://www.food.com/recipe/chocolate-mousse-dessert-71620,Chocolate Mousse Dessert,
query-14,cooking+recipe1m+1ea749465e84d1353bac7fa57ea04a63,a romantic dinner,http://www.food.com/recipe/romantic-pear-dessert-183691,Romantic Pear Dessert,
query-14,cooking+recipe1m+0aee110160d2e4748d5908e2a4f15692,a romantic dinner,http://www.food.com/recipe/pineapple-tempeh-208724,Pineapple Tempeh,
query-14,cooking+recipe1m+00901d6f6876cd47d9a04eed6830a098,a romantic dinner,http://cookeatshare.com/recipes/caramelized-banana-chocolate-tart-99943,Caramelized Banana Chocolate Tart Recipe,
query-15,cooking+recipe1m+03118c8cabec4d1c06a1531f867a8384,mexican fiesta recipees,http://www.food.com/recipe/mexican-fiesta-dip-mix-gift-idea-72133,Mexican Fiesta Dip Mix - Gift Idea,
query-15,cooking+recipe1m+f2c676fda586c1b8d22f1b0107a86155,mexican fiesta recipees,http://www.food.com/recipe/fiesta-dip-379343,Fiesta Dip,
query-15,cooking+recipe1m+3a6139495919b104f32e858b37564e6e,mexican fiesta recipees,http://www.food.com/recipe/mexican-fiesta-dip-mix-102835,Mexican Fiesta Dip Mix,
query-15,cooking+recipe1m+1ce27e9daf8dbd0aec5a37866b5427ff,mexican fiesta recipees,http://www.food.com/recipe/mexican-fiesta-dip-mix-in-a-jar-134253,Mexican Fiesta Dip Mix (In a Jar),
query-15,cooking+recipe1m+7663b3d8a152414c9f7d7ced6b137ac1,mexican fiesta recipees,http://www.food.com/recipe/fiesta-chicken-pasta-salad-137525,Fiesta Chicken Pasta Salad,
query-16,cooking+recipe1m+a0bff85c8b9af2e74cb6b57d636a1ef9,a modern icebox cake,https://cookpad.com/us/recipes/473065-floras-4-ingredient-icebox-cake,Flora's 4 ingredient icebox cake,
query-16,cooking+recipe1m+b74b8a889b4c9803a0beae901ac1eae7,a modern icebox cake,http://www.foodnetwork.com/recipes/amanda-freitag/chocolate-cherry-icebox-cake.html,Chocolate-Cherry Icebox Cake,
query-16,cooking+recipe1m+6efc5ada508f0effd9d05178c0e4b9a8,a modern icebox cake,http://www.foodnetwork.com/recipes/the-modern-cafe-modern-fish-cakes-recipe.html,The Modern Cafe - Modern Fish Cakes,
query-16,cooking+recipe1m+7f70a51ff4ac836e19615bed0af5bf25,a modern icebox cake,https://cookpad.com/us/recipes/147343-refreshing-orange-icebox-cookies,Refreshing Orange Icebox Cookies,
query-16,cooking+recipe1m+2571bab635c6db63a743330e4f9d2fdb,a modern icebox cake,http://www.food.com/recipe/modern-roman-libum-recipe-or-roman-cheesecake-211774,Modern Roman Libum Recipe or Roman Cheesecake,
query-17,cooking+recipe1m+074e1f45e8734938bfe358a70b9227aa,food for diwali,http://www.food.com/recipe/kasi-halwa-white-pumpkin-halwa-diwali-recipes-524418,Kasi Halwa / White Pumpkin Halwa - Diwali Recipes,
query-17,cooking+recipe1m+d8dd53965e12c2ab15e5bc542bf85f41,food for diwali,https://cookpad.com/us/recipes/313388-dussehra-and-diwali-delights-gluten-free-rajgira-burfi-shards,Dussehra and Diwali Delights: Gluten-Free Rajgira Burfi Shards,
query-17,cooking+recipe1m+bd354b035264d8383d2eee0671c6c3f9,food for diwali,http://www.food.com/recipe/honey-bunches-of-oats-diwali-chivda-hot-mix-190455,Honey Bunches of Oats Diwali Chivda (Hot Mix),
query-17,cooking+recipe1m+00c69b0d6cb583e6f6d88bb1c2e54f6e,food for diwali,http://www.food.com/recipe/specially-for-diwali-yum-yum-yummy-malai-ke-ladoo-44616,Specially for Diwali Yum Yum Yummy Malai Ke Ladoo,
query-17,cooking+recipe1m+6fd40e047266a34ee86c16733b8bab43,food for diwali,https://cookpad.com/us/recipes/313448-healthy-diwali-treats-baked-wholewheat-mathri,Healthy Diwali Treats : Baked Wholewheat Mathri,
query-18,cooking+recipe1m+f65981db3430ce7839d6e18c3f590604,i want a fancy eggs recipe,https://cookpad.com/us/recipes/360713-arugula-spicy-salad-with-baby-carrot-and-eggs,Arugula spicy salad with baby carrot and eggs,
query-18,cooking+recipe1m+717eac461353a295fb559fd1d2a80f85,i want a fancy eggs recipe,http://tastykitchen.com/recipes/breakfastbrunch/eggs-breakfastbrunch/sparkling-scrambled-eggs/,Sparkling Scrambled Eggs,
query-18,cooking+recipe1m+dd5d97937f693c7c544535e7eb009f21,i want a fancy eggs recipe,http://www.food.com/recipe/cream-cheese-tarts-paula-deen-114580,Cream Cheese Tarts (Paula Deen),
query-18,cooking+recipe1m+fc7dbbc4c870f9a5451f0fcff9f6ba80,i want a fancy eggs recipe,http://www.food.com/recipe/carrot-muffins-with-soy-flour-342736,Carrot Muffins - With Soy Flour,
query-18,cooking+recipe1m+cf7c92663425720b622c5d77be0a6d4c,i want a fancy eggs recipe,http://www.food.com/recipe/fancy-lump-crab-cakes-with-roumalade-sauce-515708,Fancy Lump Crab Cakes With Roumalade Sauce,
query-19,cooking+recipe1m+8ae745ecb39aeb7f3240b61e920776ad,how to make low fat ice cream,http://www.food.com/recipe/low-fat-peach-ice-cream-35713,Low Fat Peach Ice Cream,
query-19,cooking+recipe1m+b6c03fb497c5dc234e8a22c030a5ed36,how to make low fat ice cream,http://www.food.com/recipe/hgs-gimme-smore-sundae-ww-points-3-328624,Hg's Gimme S'more Sundae - Ww Points = 3,
query-19,cooking+recipe1m+90b209203e712676becddef3f9fa0015,how to make low fat ice cream,http://www.food.com/recipe/mc-donalds-milkshakes-217989,Mc Donald's Milkshakes,
query-19,cooking+recipe1m+cf556b788ebdc97125800aad697d22cd,how to make low fat ice cream,http://www.food.com/recipe/key-lime-ice-cream-222601,Key Lime Ice Cream,
query-19,cooking+recipe1m+17155eefe93e0584f9b35bee3de15898,how to make low fat ice cream,http://www.food.com/recipe/low-fat-ice-cream-cassata-slice-269626,Low-Fat Ice Cream Cassata Slice,
query-20,cooking+recipe1m+5da90a8b42c3f7356dc1a1abea592865,how to prepare napoletana pizza dough,http://cookeatshare.com/recipes/calzone-alla-napoletana-ham-and-cheese-turnovers-98167,Calzone Alla Napoletana (Ham And Cheese Turnovers) Recipe,
query-20,cooking+recipe1m+3fc623d90610b7828ce91b0e6dea24fe,how to prepare napoletana pizza dough,https://cookpad.com/us/recipes/355031-napoletana-dough-for-pizza-or-calzone,Napoletana Dough for Pizza or Calzone,
query-20,cooking+recipe1m+90b6d7c19c60b08204aae8250bd94c55,how to prepare napoletana pizza dough,http://www.foodnetwork.com/recipes/emeril-lagasse/pizza-alla-napoletana-recipe.html,Pizza Alla Napoletana,
query-20,cooking+recipe1m+aefd46b1362d9f44669469a2ea95f335,how to prepare napoletana pizza dough,http://www.food.com/recipe/napoletana-pizza-dough-336814,Napoletana Pizza Dough,
query-20,cooking+recipe1m+cd201d270c014eaebef321dc4188d56b,how to prepare napoletana pizza dough,http://tastykitchen.com/recipes/main-courses/autentica-pizza-napoletana-authentic-neapolitan-pizza/,Autentica Pizza Napoletana (Authentic Neapolitan Pizza),
query-21,cooking+recipe1m+a912dd404f3b89ecb0fa4189e89bb9ab,make vegetarian tikka masala,https://cookpad.com/us/recipes/336428-vegetarian-tikka-masala-indian,Vegetarian Tikka Masala (Indian),
query-21,cooking+recipe1m+a800a0d960da66dfaff160c107480c18,make vegetarian tikka masala,http://tastykitchen.com/recipes/special-dietary-needs/vegetarian/vegetarian-tikka-masala/,Vegetarian Tikka Masala,
query-21,cooking+recipe1m+ebad269edafdf29893e2b3888249f426,make vegetarian tikka masala,http://www.food.com/recipe/chicken-tikka-masala-263097,Chicken Tikka Masala,
query-21,cooking+recipe1m+323c89c9e0dd13a7f84b02c0c18287cc,make vegetarian tikka masala,http://www.food.com/recipe/chicken-tikka-drummers-479564,Chicken Tikka Drummers,
query-21,cooking+recipe1m+96925006999511803ff84051781d9fac,make vegetarian tikka masala,https://cookpad.com/us/recipes/338062-chicken-tikka-biryani-smoked,Chicken Tikka Biryani (smoked),
query-22,cooking+recipe1m+112877452447fdc85c27cb32f219b7b2,i want to make chia pudding recipe low carb,https://cookpad.com/us/recipes/368231-low-carb-cinnamon-chia-seed-pudding,Low-Carb Cinnamon Chia Seed Pudding,
query-22,cooking+recipe1m+4289d06fdea40e62cada5e4d6e299666,i want to make chia pudding recipe low carb,http://tastykitchen.com/recipes/desserts/chocolate-chia-almond-pudding-dairy-free-sugar-free/,"Chocolate Chia Almond Pudding (Dairy-Free, Sugar-Free)",
query-22,cooking+recipe1m+b2631099070b46520acf7090fa61cf19,i want to make chia pudding recipe low carb,http://www.food.com/recipe/organic-meal-replacement-shake-with-chia-seeds-394027,Organic Meal Replacement Shake (With Chia Seeds),
query-22,cooking+recipe1m+4bc14932e6eb5fe81a07a260fe433bac,i want to make chia pudding recipe low carb,http://www.food.com/recipe/gluten-free-chia-pumpkin-parfait-525741,Gluten Free Chia Pumpkin Parfait,
query-22,cooking+recipe1m+e0fe9ee7e1de57919d3ce484a760077d,i want to make chia pudding recipe low carb,http://tastykitchen.com/recipes/special-dietary-needs/gluten-free/chia-pudding-and-persimmon-cream-parfait/,Chia Pudding and Persimmon Cream Parfait,
query-23,cooking+recipe1m+b41df19b1173ee94628442675c061ac2,how to make overnight oats,http://tastykitchen.com/recipes/breakfastbrunch/lemon-and-blueberry-cheesecake-overnight-oats/,Lemon and Blueberry Cheesecake Overnight Oats,
query-23,cooking+recipe1m+d923ea83399dd688a4d0ffd007734679,how to make overnight oats,http://tastykitchen.com/recipes/breakfastbrunch/chocolate-overnight-oats-berries/,Chocolate Overnight Oats & Berries,
query-23,cooking+recipe1m+9b890e7c6b82c5b51e920649a6f7f32c,how to make overnight oats,http://tastykitchen.com/recipes/desserts/cinnamon-raisin-overnight-oats/,Cinnamon Raisin Overnight Oats,
query-23,cooking+recipe1m+b4745b007eb188ae044c36887c9e4a6a,how to make overnight oats,http://www.food.com/recipe/cinnamon-raisin-overnight-oats-519345,Cinnamon Raisin Overnight Oats,
query-23,cooking+recipe1m+4b13944566308a76e870a0eee0aac3d4,how to make overnight oats,http://www.foodandwine.com/recipes/no-cook-overnight-oats-with-strawberries,No-Cook Overnight Oats with Strawberries,
query-24,cooking+recipe1m+d6da97b60ad68ced621bff2da93721a3,can i have classic dairy free scones,https://cookpad.com/us/recipes/333498-vickys-scottish-scones-dairy-egg-soy-free,"Vickys Scottish Scones, Dairy, Egg & Soy-Free",
query-24,cooking+recipe1m+b71190df0258e06c3ce78d36bf142ffd,can i have classic dairy free scones,http://tastykitchen.com/recipes/breads/maple-nut-scones/,Maple Nut Scones,
query-24,cooking+recipe1m+c066f5ee4375fb943a737ef98afb2232,can i have classic dairy free scones,http://www.cookstr.com/recipes/classic-yellow-birthday-cake,Classic Yellow Birthday Cake,
query-24,cooking+recipe1m+13438795a598514ff4e5707a75d1f4bb,can i have classic dairy free scones,https://cookpad.com/us/recipes/338167-vickys-plain-scones-gluten-dairy-egg-soy-free,"Vickys Plain Scones, Gluten, Dairy, Egg & Soy-Free",
query-24,cooking+recipe1m+e9f1a96e94e3515da305fbda41618775,can i have classic dairy free scones,http://www.food.com/recipe/gluten-free-lemon-poppy-seed-scones-516167,Gluten-Free Lemon Poppy Seed Scones,
query-25,cooking+recipe1m+c445cdb02045ce8399b98179fc313667,how to make spiked eggnog,http://www.food.com/recipe/spiced-spiked-coffee-eggnog-238580,Spiced Spiked Coffee Eggnog,
query-25,cooking+recipe1m+0f045bc313b43cfb45604e008560f72d,how to make spiked eggnog,http://www.food.com/recipe/low-carb-eggnog-444090,Low Carb Eggnog,
query-25,cooking+recipe1m+3f4ac4ea822b8e468cb5f7e4545bce79,how to make spiked eggnog,http://www.food.com/recipe/mock-eggnog-275496,Mock Eggnog,
query-25,cooking+recipe1m+90f74f07cb1d8867d581b7fad9e5b1b1,how to make spiked eggnog,http://www.epicurious.com/recipes/food/views/kentucky-eggnog-spike-102341,Kentucky Eggnog Spike,
query-25,cooking+recipe1m+e53cd70a4002f08f1caabb8564794ab9,how to make spiked eggnog,http://www.epicurious.com/recipes/food/views/kentucky-eggnog-spike-200526,Kentucky Eggnog Spike,
query-26,cooking+recipe1m+dae49dfcf95c0db1ef836d5671790e96,how to prepare spicy oysters,http://www.foodnetwork.com/recipes/paula-deen/spicy-oyster-shooters-recipe.html,Spicy Oyster Shooters,
query-26,cooking+recipe1m+f1f88bd5da105e78dc677c651c79809d,how to prepare spicy oysters,http://www.foodnetwork.com/recipes/love-bites-fried-oysters-recipe.html,Love Bites (Fried Oysters),
query-26,cooking+recipe1m+8a412deca526c09dc79a3ea31a63b46a,how to prepare spicy oysters,http://cookeatshare.com/recipes/barbecued-oysters-and-razor-clams-with-spicy-dipping-sauce-78639,Barbecued Oysters And Razor Clams With Spicy Dipping Sauce Recipe,
query-26,cooking+recipe1m+1c31d61318db2401817c16562ab71fdc,how to prepare spicy oysters,http://www.foodnetwork.com/recipes/sunny-anderson/deep-fried-oyster-po-boy-sandwiches-with-spicy-remoulade-sauce-recipe.html,Deep-fried Oyster Po' Boy Sandwiches with Spicy Remoulade Sauce,
query-26,cooking+recipe1m+65914f2d3bf7f0f3bf1f66b393242356,how to prepare spicy oysters,http://cooking.nytimes.com/recipes/2002,Deviled Crab With Oysters Baked On The Half Shell,
query-27,cooking+recipe1m+9a4bfa344fa3deabb12ae3b7487fc63a,how to quickly make baby food,http://cookeatshare.com/recipes/baby-food-cake-72906,Baby Food Cake Recipe,
query-27,cooking+recipe1m+10dc6be3f515620fd07c33b52a3a5f26,how to quickly make baby food,http://tastykitchen.com/recipes/breads/baby-food-sweet-cornbread/,Baby Food Sweet Cornbread,
query-27,cooking+recipe1m+a8fdc3f3c7ce2093b7e3b1610a1ea092,how to quickly make baby food,http://allrecipes.com/recipe/baby-food-cake-i/,Baby Food Cake I,
query-27,cooking+recipe1m+cad498d371423f37dcdb7e751a6161f7,how to quickly make baby food,http://www.food.com/recipe/baby-food-pasta-260300,Baby Food Pasta,
query-27,cooking+recipe1m+03a9f659938d46ad608c0bfccd020a11,how to quickly make baby food,http://allrecipes.com/recipe/baby-food-cake-bars/,Baby Food Cake Bars,
query-28,cooking+recipe1m+1a7b5dd6ac99ec990c945b96c06ad976,make lunch meal prep fast,http://tastykitchen.com/recipes/salads/specialty-salad-lunch-for-one-e28093-made-with-leftovers/,Specialty Salad Lunch for One Made with Leftovers,
query-28,cooking+recipe1m+e59ef22e54fac7c0c9cd9635daf35746,make lunch meal prep fast,http://www.foodnetwork.com/recipes/the-life-span-of-rice-recipe.html,The Life Span of Rice,
query-28,cooking+recipe1m+97d01ec754b679e8853a9c298d1996d4,make lunch meal prep fast,http://allrecipes.com/recipe/healthy-stuffed-salad/,Healthy Stuffed Salad,
query-28,cooking+recipe1m+c22522439e0824eb0dbcef2ea1ad1277,make lunch meal prep fast,http://www.kraftrecipes.com/recipes/balsamic-chicken-salad-111030.aspx,Balsamic Chicken Salad,
query-28,cooking+recipe1m+1ab161f47a3bdfc85c234a1dbff5b55c,make lunch meal prep fast,https://recipeland.com/recipe/v/black-beans-corn-thermos-lunch-5336,Black Beans and Corn Thermos Lunch,
query-29,cooking+recipe1m+5c38cc89129588fb9fba4d32571b1012,make vegetarian eintopf,https://recipeland.com/recipe/v/oma-pantkes-gruen-bohnen-eintop-45395,Oma Pantke's Gruen Bohnen-Eintopf,
query-29,cooking+recipe1m+f2e65319125173e5fddef198568f4bcd,make vegetarian eintopf,http://www.food.com/recipe/eintopf-304786,Eintopf,
query-29,cooking+recipe1m+489307b81a12faec329ac1f682377c96,make vegetarian eintopf,http://www.food.com/recipe/rindfleisch-eintopf-beef-stew-7038,Rindfleisch-Eintopf (Beef Stew),
query-29,cooking+recipe1m+f2ed7dd8f8b11d69be88d9798a1082c7,make vegetarian eintopf,http://www.food.com/recipe/rindfleisch-eintopf-beef-stew-54477,Rindfleisch-Eintopf (Beef Stew),
query-29,cooking+recipe1m+311834f9dcc2d23f8f91bd8c8806a0ca,make vegetarian eintopf,http://www.food.com/recipe/z-rcher-eintopf-hot-pot-z-rich-style-456883,Zurcher Eintopf - Hot-Pot Zurich Style,
query-30,cooking+recipe1m+6be85f9e01f931dc5208648c49d1835a,how to make light muffins,http://www.food.com/recipe/mini-strawberry-swirl-cheesecakes-light-190044,Mini Strawberry Swirl Cheesecakes (Light),
query-30,cooking+recipe1m+da1bc70498828383997dc6dcc4ff3183,how to make light muffins,http://www.food.com/recipe/broccoli-cheddar-muffins-112702,Broccoli Cheddar Muffins,
query-30,cooking+recipe1m+b2c0dc01649debd98e1285950d07dec2,how to make light muffins,http://cookeatshare.com/recipes/altamont-orchards-apple-oatmeal-muffins-64316,Altamont Orchards Apple Oatmeal Muffins Recipe,
query-30,cooking+recipe1m+3fe135e65112aa3e21ba92a7cd4ad021,how to make light muffins,http://www.food.com/recipe/spiced-applesauce-mini-muffins-285639,Spiced Applesauce Mini Muffins,
query-30,cooking+recipe1m+4b133526024dfa15220c5e4d8d41e0ee,how to make light muffins,http://www.food.com/recipe/gluten-free-pumpkin-apple-muffins-384796,Gluten Free Pumpkin Apple Muffins,
query-31,cooking+recipe1m+27ac1ea5f07b267ba1956e9ce3de46d9,make fried halloumi bites,http://www.food.com/recipe/halloumi-bites-nigella-lawson-334123,Halloumi Bites (Nigella Lawson),
query-31,cooking+recipe1m+c0f07be0f993013f6c507ffa789a8e5b,make fried halloumi bites,http://www.food.com/recipe/fried-halloumi-with-caraway-185255,Fried Halloumi With Caraway,
query-31,cooking+recipe1m+e7750577d42547ccc79d0e3815d24987,make fried halloumi bites,http://www.lovefood.com/guide/recipes/15205/crispy-halloumi-with-minty-mushy-peas-recipe,Crispy halloumi with minty mushy peas recipe,
query-31,cooking+recipe1m+3a66c9613b11740605e1a1d08ac4edb0,make fried halloumi bites,http://www.food.com/recipe/halloumi-and-pepper-couscous-412176,Halloumi and Pepper Couscous,
query-31,cooking+recipe1m+2e1dfe7e6afdeec37ca4e2e9f326af22,make fried halloumi bites,http://www.food.com/recipe/fried-halloumi-cheese-with-lime-and-caper-dressing-220951,Fried Halloumi Cheese With Lime and Caper Dressing,
query-32,cooking+recipe1m+669d60617c71f073f38cacba8d67104b,show me a creamy mushroom stroganoff recipe,http://www.kraftrecipes.com/recipes/velveeta-creamy-beef-stroganoff-skillet-145441.aspx,VELVEETA Creamy Beef Stroganoff Skillet,
query-32,cooking+recipe1m+b16e6ff98bbd1239b482c71c9c5d3b98,show me a creamy mushroom stroganoff recipe,http://www.food.com/recipe/wonderful-slow-cooker-beef-stroganoff-518270,Wonderful Slow Cooker Beef Stroganoff,
query-32,cooking+recipe1m+6351945266c3df83fc2fa6dc3101bb49,show me a creamy mushroom stroganoff recipe,http://www.food.com/recipe/sommers-stroganoff-ibs-safe-179747,Sommer's Stroganoff - Ibs Safe,
query-32,cooking+recipe1m+8f5720914e175186502b3fe8558e8179,show me a creamy mushroom stroganoff recipe,http://www.foodrepublic.com/recipes/london-chic-lapsang-scented-mushroom-stroganoff/,London Chic: Lapsang-Scented Mushroom Stroganoff,
query-32,cooking+recipe1m+9a928e394626132c9118ef6a2d783c22,show me a creamy mushroom stroganoff recipe,http://www.cookstr.com/recipes/seitan-stroganoff-with-tofu-sour-cream,Seitan Stroganoff with Tofu Sour Cream,
query-33,cooking+recipe1m+f395c143e780f608a0f2b8f2351d8b6b,can i have tender cooked pork,http://www.food.com/recipe/slow-cooker-thai-pork-with-peanut-sauce-519840,Slow Cooker Thai Pork With Peanut Sauce,
query-33,cooking+recipe1m+305b49e339810282ec98879ca4ace1e9,can i have tender cooked pork,https://cookpad.com/us/recipes/155267-chinese-style-simmered-daikon-radish-and-pork,Chinese-Style Simmered Daikon Radish and Pork,
query-33,cooking+recipe1m+0c4ee1ad50d118d98c7a35bdbb5b1392,can i have tender cooked pork,http://www.food.com/recipe/shredded-pork-tacos-489119,Shredded Pork Tacos,
query-33,cooking+recipe1m+9ad4f65c57548871be84ab973bebd115,can i have tender cooked pork,http://www.food.com/recipe/rafute-okinawan-glazed-pork-77987,Rafute (Okinawan glazed pork),
query-33,cooking+recipe1m+6ed8e03e5e56f796a6d6eeb603786a6e,can i have tender cooked pork,http://cookeatshare.com/recipes/boudin-festival-89335,Boudin (Festival) Recipe,
query-34,cooking+recipe1m+499ce1e7614bc99230bfac6268612712,can i have soup good for the summer,http://www.foodnetwork.com/recipes/summer-squash-and-onion-soup-with-toasted-almonds-recipe.html,Summer Squash and Onion Soup with Toasted Almonds,
query-34,cooking+recipe1m+5e6171d903e503afbb17c34eba298712,can i have soup good for the summer,http://www.food.com/recipe/summer-squash-soup-hot-or-cold-292481,Summer Squash Soup (Hot or Cold),
query-34,cooking+recipe1m+45934097d512e7d0e46db175f92ded3a,can i have soup good for the summer,http://www.food.com/recipe/hearty-chicken-soup-441237,Hearty Chicken Soup,
query-34,cooking+recipe1m+d988383f655564d0789812e410286c75,can i have soup good for the summer,http://tastykitchen.com/recipes/soups/minestrone-soup-10/,Minestrone Soup,
query-34,cooking+recipe1m+5debba893cf24e57aa932745b016ec7e,can i have soup good for the summer,http://www.food.com/recipe/heart-healthy-turkey-vegetable-soup-446680,"""heart Healthy"" Turkey Vegetable Soup",
query-35,cooking+recipe1m+45aca4757d65b8bf773c0372e5647a45,how to make boiled easter eggs,http://www.food.com/recipe/polish-easter-breakfast-417196,Polish Easter Breakfast,
query-35,cooking+recipe1m+3592fcba6cc4db122c69e880b03b3412,how to make boiled easter eggs,http://www.food.com/recipe/greek-hard-boiled-eggs-easter-style-312331,Greek Hard Boiled Eggs Easter Style,
query-35,cooking+recipe1m+7d96d99b0cd3b079c66b6d1fb33f9143,how to make boiled easter eggs,http://www.kraftrecipes.com/recipes/easter-egg-cheesecake-103518.aspx,Easter Egg Cheesecake,
query-35,cooking+recipe1m+25656bd1960aad6b5d657a7b47b8ab12,how to make boiled easter eggs,http://www.food.com/recipe/ham-and-egg-pie-79534,Ham and Egg Pie,
query-35,cooking+recipe1m+9e3a1ffa8eaefcd150d708c21735c5ba,how to make boiled easter eggs,http://www.food.com/recipe/german-easter-eggs-ostereier-452703,German Easter Eggs (Ostereier),
query-36,cooking+recipe1m+fb3a6439927b034a6b22b5767e829755,suggestions for road trip food,http://www.food.com/recipe/anytime-anywhere-scrumptious-snack-mix-106601,"Anytime, Anywhere Scrumptious Snack Mix",
query-36,cooking+recipe1m+f572f7572b0cf39938decec9c80d8a22,suggestions for road trip food,http://www.food.com/recipe/road-trip-snack-mix-119178,Road Trip Snack Mix,
query-36,cooking+recipe1m+76ebf4ac70c5d57165f21c5f69711b3e,suggestions for road trip food,http://tastykitchen.com/recipes/breakfastbrunch/apple-pumpkin-butter-and-banana-oatmeal-jars/,"Apple, Pumpkin Butter, and Banana Oatmeal Jars",
query-36,cooking+recipe1m+948fc5071811483b0781d63f8449e7ae,suggestions for road trip food,http://www.foodnetwork.com/recipes/road-trip-cookies-recipe.html,Road Trip Cookies,
query-36,cooking+recipe1m+c807103c75a035470e07d2deb172b60b,suggestions for road trip food,http://www.food.com/recipe/road-trip-bar-cookie-392698,Road-Trip Bar Cookie,
query-37,cooking+recipe1m+f573ad7db3c1cf14779f569fd0866099,how to make polish pierogi with cheese,http://www.food.com/recipe/pierogies-polish-sausage-vegetable-skillet-445269,Pierogies Polish Sausage Vegetable Skillet,
query-37,cooking+recipe1m+1f56bdedd27c85263da893847c706d2e,how to make polish pierogi with cheese,http://www.food.com/recipe/cabbage-polish-sausage-pierogies-436845,"Cabbage, Polish Sausage & Pierogies",
query-37,cooking+recipe1m+8d7e1cd507bb8d792330d7280c3e658c,how to make polish pierogi with cheese,http://www.foodnetwork.com/recipes/polish-kielbasa-and-pierogies.html,Polish Kielbasa and Pierogies,
query-37,cooking+recipe1m+b6390ab220cf9c0cfeef54d60b23eb50,how to make polish pierogi with cheese,http://www.food.com/recipe/polish-kielbasa-and-pierogies-512122,Polish Kielbasa and Pierogies,
query-37,cooking+recipe1m+734bdc04ac7783ae2237bee0d25ef4d6,how to make polish pierogi with cheese,http://allrecipes.com/recipe/cabbage-polish-sausage-and-pierogies/,"Cabbage, Polish Sausage, and Pierogies",
query-38,cooking+recipe1m+41843b76d357b3e902f565f7784f1b09,how can i make one pot ramen,http://tastykitchen.com/recipes/soups/healthy-lunch-box-ramen/,Healthy Lunch Box Ramen,
query-38,cooking+recipe1m+f9d7d9fd800a6dd0b7f4ad65557bbe90,how can i make one pot ramen,http://www.food.com/recipe/ramen-noodles-with-cheese-sauce-tuna-beans-141390,"Ramen Noodles With Cheese Sauce, Tuna & Beans",
query-38,cooking+recipe1m+89468828eb16c29e95eed575c31a7000,how can i make one pot ramen,http://www.epicurious.com/recipes/food/views/miso-ramen-374587,Miso Ramen,
query-38,cooking+recipe1m+a5113abad2bcf6d783ecb4c6bcf85b87,how can i make one pot ramen,http://www.food.com/recipe/rockin-spinach-chicken-ramen-336765,Rockin' Spinach Chicken Ramen,
query-38,cooking+recipe1m+e8e60c0f7dd90cf5d56e41cb8a0f04ef,how can i make one pot ramen,http://www.foodnetwork.com/recipes/food-network-kitchens/ramen-chicken-fingers.html,Ramen Chicken Fingers,
query-39,cooking+recipe1m+56e5b9f4ad529cda1de48fe40c6ccf44,how to make a traditional greek dinner,http://www.kraftrecipes.com/recipes/greek-style-mac-cheese-168954.aspx,Greek-Style Mac & Cheese,
query-39,cooking+recipe1m+298819d18ed9bb642433b80f1919b26d,how to make a traditional greek dinner,http://www.kraftrecipes.com/recipes/greek-olive-triangles-50107.aspx,Greek Olive Triangles,
query-39,cooking+recipe1m+aff19c89b9728aaae82a211604ee8b48,how to make a traditional greek dinner,http://www.kraftrecipes.com/recipes/pasta-pronto-italiano-109605.aspx,Pasta Pronto Italiano,
query-39,cooking+recipe1m+a8c4b38056a087a17619e12064bf61a0,how to make a traditional greek dinner,http://www.kraftrecipes.com/recipes/easy-cheesy-dinner-ground-beef-65984.aspx,Easy Cheesy Dinner with Ground Beef,
query-39,cooking+recipe1m+e7b9aabceeb8ed94f1c6eea0c344a5d3,how to make a traditional greek dinner,http://www.kraftrecipes.com/recipes/pasta-pronto-italiano-112421.aspx,Pasta Pronto Italiano,
query-40,cooking+recipe1m+31639317430eb1a15150f606422c4ef6,how to make salty brownies,http://tastykitchen.com/recipes/desserts/basic-chocolate-fondue/,Basic Chocolate Fondue,
query-40,cooking+recipe1m+33f138be1f2356e4bed8623c896fa6b4,how to make salty brownies,http://www.food.com/recipe/salty-peanut-cream-cheese-brownies-215126,Salty Peanut-Cream Cheese Brownies,
query-40,cooking+recipe1m+9e6461b11f08c651ab5c80ca42320b97,how to make salty brownies,http://www.food.com/recipe/kahlua-brownies-323446,Kahlua Brownies,
query-40,cooking+recipe1m+bcf3e1db10346e449d5e85fbd9a241b7,how to make salty brownies,http://www.food.com/recipe/lean-comatose-brownies-488390,Lean Comatose Brownies,
query-40,cooking+recipe1m+8328fc1f2c50d2b96aedfff383f6131f,how to make salty brownies,http://www.food.com/recipe/sweet-and-salty-double-nut-toffee-brownie-bars-293450,Sweet and Salty Double Nut Toffee Brownie Bars,
query-41,cooking+recipe1m+5cffdac20b80b3048804e5d51f44ccfb,gingerbread cookies,https://cookpad.com/us/recipes/333864-pumpkin-gingerbread-souffle,Pumpkin Gingerbread Souffle,
query-41,cooking+recipe1m+d4ef26d534ef406325cb5c9c60932c52,gingerbread cookies,http://tastykitchen.com/recipes/drinks/gingerbread-martini/,Gingerbread Martini,
query-41,cooking+recipe1m+b9be5e718562c3c6c420b451355f89a1,gingerbread cookies,http://tastykitchen.com/recipes/desserts/gingerbread-cookie-butter/,Gingerbread Cookie Butter,
query-41,cooking+recipe1m+d7b971146d222d546d1af67de613a893,gingerbread cookies,http://www.foodnetwork.com/recipes/gingerbread-holiday-cookie-white-snowflakes-dreidel-trios-ornaments-recipe.html,"Gingerbread People Holiday cookie projects: White snowflakes, dreidel trios, and ornaments",
query-41,cooking+recipe1m+85e65e8914a14f3971a254e3a70d466f,gingerbread cookies,http://www.food.com/recipe/gingerbread-cookie-latte-245325,Gingerbread Cookie Latte,
query-42,cooking+recipe1m+006e277a61d2facc682c6266a967cf36,how to make a mango and avocado salad,http://www.epicurious.com/recipes/food/views/avocado-and-mango-salad-with-passion-fruit-vinaigrette-231721,Avocado and Mango Salad with Passion Fruit Vinaigrette,
query-42,cooking+recipe1m+efdd9b03fc1f0f08bdb99f4fc7491d20,how to make a mango and avocado salad,http://www.food.com/recipe/avocado-mango-salad-30239,Avocado Mango Salad,
query-42,cooking+recipe1m+ad6d21aa417f943457fda7c3ce93bd64,how to make a mango and avocado salad,http://tastykitchen.com/recipes/salads/summer-salad-with-mango-and-grilled-chicken/,Summer Salad with Mango and Grilled Chicken,
query-42,cooking+recipe1m+1bce9b340dd480571548e67843152755,how to make a mango and avocado salad,http://www.food.com/recipe/spinach-avocado-mango-salad-75196,"Spinach, Avocado & Mango Salad",
query-42,cooking+recipe1m+3fd848f2072db501db0fb569383603bc,how to make a mango and avocado salad,http://www.food.com/recipe/pork-and-mango-salad-betty-crocker-472844,Pork and Mango Salad (Betty Crocker),
query-43,cooking+recipe1m+b4df9cc5b553842a580bf239ebd79c0d,easy granola recipe,https://cookpad.com/us/recipes/143574-easy-crispy-nougat,Easy Crispy Nougat,
query-43,cooking+recipe1m+18791b443199897c7dfb0c86ba59ad03,easy granola recipe,http://allrecipes.com/recipe/easy-to-make-apple-sandwich/,Easy-to-Make Apple Sandwich,
query-43,cooking+recipe1m+2ff607d2245742c9ff90c525b4641949,easy granola recipe,http://www.food.com/recipe/quick-n-easy-trail-mix-49669,Quick-n-Easy Trail Mix,
query-43,cooking+recipe1m+b7298d9ef2b4c78a46ac173151a028a3,easy granola recipe,http://www.food.com/recipe/deluxe-peanut-butter-and-jelly-sandwich-486527,Deluxe Peanut Butter and Jelly Sandwich,
query-43,cooking+recipe1m+dbf28b6e01c7f4ec05f4b0597a99eb09,easy granola recipe,http://tastykitchen.com/recipes/breakfastbrunch/easy-homemade-granola-2/,Easy Homemade Granola,
query-44,cooking+recipe1m+1453b6106602c8a19973b6ebf7caaa58,smoked chili,http://www.food.com/recipe/smoked-sausage-chili-274227,Smoked Sausage Chili,
query-44,cooking+recipe1m+44fc967f3ae1a4e96e34b2c2e93e8a24,smoked chili,https://cookpad.com/us/recipes/364727-tangy-bbq-smoked-pork-roast,Tangy BBQ smoked pork roast,
query-44,cooking+recipe1m+349b82a8e8f5d3c3ad91468ab3f8140e,smoked chili,http://www.food.com/recipe/smokey-italian-chili-award-winner-110097,"Smokey Italian Chili , Award Winner",
query-44,cooking+recipe1m+7db818e991f60297b6939ec509853dac,smoked chili,https://cookpad.com/us/recipes/333503-smoked-brisket,Smoked Brisket,
query-44,cooking+recipe1m+7a7890b7703274a4b9e591c3d703b728,smoked chili,http://www.food.com/recipe/smoked-chili-211203,Smoked Chili,
query-45,cooking+recipe1m+1cdf5138436e1b0503276c11280ea8e0,make a french croissant,http://www.food.com/recipe/french-toast-casserole-152069,French Toast Casserole,
query-45,cooking+recipe1m+86916d1254caa49cfa65a1e34ce3a2e5,make a french croissant,http://www.food.com/recipe/croissant-french-toast-with-fresh-strawberry-syrup-125965,Croissant French Toast With Fresh Strawberry Syrup,
query-45,cooking+recipe1m+eb29880839fcd560f090452c0c135df1,make a french croissant,http://www.food.com/recipe/baked-croissant-blueberry-french-toast-with-crispy-pecans-127021,Baked Croissant Blueberry French Toast With Crispy Pecans,
query-45,cooking+recipe1m+72dfac0741bda55c9af3b84637eddd04,make a french croissant,http://www.foodnetwork.com/recipes/ree-drummond/croissant-french-toast.html,Croissant French Toast,
query-45,cooking+recipe1m+58c4667ddd15d0c558d8784177e6050e,make a french croissant,http://www.food.com/recipe/best-french-croissant-french-toast-448727,"Best French Croissant, French Toast",
query-46,cooking+recipe1m+2ba3ef8104df00150562a5915ccacfe0,how to make medium rare salmon,http://www.delish.com/recipefinder/salmon-coconut-herb-curry-rbk1207,Salmon with Coconut-Herb Curry,
query-46,cooking+recipe1m+ff9d0a51420756046fd9451361c09d21,how to make medium rare salmon,http://cooking.nytimes.com/recipes/5261,Salmon in Seaweed Crust Stuffed With Smoked Cod,
query-46,cooking+recipe1m+001e8e998a9e0e58b8c30a3d6a57718f,how to make medium rare salmon,http://www.food.com/recipe/lime-infused-atlantic-salmon-with-asian-salad-279802,Lime Infused Atlantic Salmon With Asian Salad,
query-46,cooking+recipe1m+bd24684e5ce934ab65363ddfa48e3599,how to make medium rare salmon,http://www.cookstr.com/recipes/scandinavian-style-rare-cooked-salmon-with-fava-beans-and-peas,Scandinavian-Style Rare-Cooked Salmon with Fava Beans and Peas,
query-46,cooking+recipe1m+d62a4dd7ea213f19c23bb10501e9000e,how to make medium rare salmon,http://www.foodnetwork.com/recipes/paula-deen/grilled-salmon-with-key-lime-butter-recipe.html,Grilled Salmon with Key Lime Butter,
query-47,cooking+recipe1m+42421a62c3ce300014c3919690e28f35,a recipe with a whole chicken,http://www.food.com/recipe/chicken-pot-pie-stuffing-topping-157045,Chicken Pot Pie (Stuffing Topping),
query-47,cooking+recipe1m+22596b441e695fe3e9b96df4691dcc37,a recipe with a whole chicken,http://www.food.com/recipe/ole-mexican-fried-chicken-505378,Ole! Mexican Fried Chicken,
query-47,cooking+recipe1m+32c41b23d50ad37ae1f92a4c9a247000,a recipe with a whole chicken,http://www.food.com/recipe/mexican-chicken-casserole-121926,Mexican Chicken Casserole,
query-47,cooking+recipe1m+1d991be5f379b47d7e352f92fd3b7ba1,a recipe with a whole chicken,http://www.food.com/recipe/mc-donalds-southern-style-chicken-biscuit-303842,Mc Donald's Southern Style Chicken Biscuit,
query-47,cooking+recipe1m+4a27de12c22ebc236e84d2483cac2da6,a recipe with a whole chicken,http://tastykitchen.com/recipes/main-courses/grilled-chicken-with-mango-key-lime-salsa/,Grilled Chicken with Mango Key Lime Salsa,
query-48,cooking+recipe1m+bee64a620b16425a33b4b7cd5b6e4e30,how to make a refreshing sweet smoothie,https://cookpad.com/us/recipes/362938-refreshing-avocado-smoothie,Refreshing Avocado smoothie,
query-48,cooking+recipe1m+8c4d9f75e09387c2e59ab6949558aa06,how to make a refreshing sweet smoothie,https://cookpad.com/us/recipes/346702-ladybirds-refreshing-summer-fruit-smoothie-ice-blocks,Ladybirds Refreshing Summer Fruit Smoothie Ice Blocks .,
query-48,cooking+recipe1m+fe5f6e305b07b9521018cea6a87798f9,how to make a refreshing sweet smoothie,http://www.food.com/recipe/refreshing-peach-smoothie-222945,Refreshing Peach Smoothie,
query-48,cooking+recipe1m+838377913e99281ff36402df3eccb0a1,how to make a refreshing sweet smoothie,http://tastykitchen.com/recipes/drinks/pineapple-watermelon-smoothie/,Pineapple & Watermelon Smoothie,
query-48,cooking+recipe1m+70203ae5746d33bf6e4143f298a4a45a,how to make a refreshing sweet smoothie,https://cookpad.com/us/recipes/150036-frozen-raspberry-and-banana-smoothie,Frozen Raspberry and Banana Smoothie,
query-49,cooking+recipe1m+4a5ccf01f476837d4caa16d64d7f2ab7,make fish and chips,https://cookpad.com/us/recipes/364236-my-curried-fish-and-chips,My Curried fish and Chips.,
query-49,cooking+recipe1m+edcdcb8e0b0b4e0f46a19192279049f1,make fish and chips,http://www.food.com/recipe/chip-crusted-fish-175373,Chip Crusted Fish,
query-49,cooking+recipe1m+19f6a4301aa2fdb1db9c690647c63df6,make fish and chips,http://www.food.com/recipe/healthy-baked-potato-chip-fish-235591,Healthy Baked Potato Chip Fish,
query-49,cooking+recipe1m+d56c16cd6f79627d86b08c54db38ba88,make fish and chips,http://www.food.com/recipe/friday-fish-and-chips-182911,Friday Fish and Chips,
query-49,cooking+recipe1m+589d4f0e00012f1e5566374b5430c330,make fish and chips,http://www.food.com/recipe/instead-of-frying-fish-57701,Instead of frying fish,
